<?xml version="1.0" encoding="utf-8"?>
<odoo>
  <!-- Module category -->
  <record id="module_category_petty_cash" model="ir.module.category">
    <field name="name">Petty Cash</field>
    <field name="description">Hak akses untuk aplikasi Petty Cash</field>
    <field name="sequence">60</field>
  </record>

  <!-- Groups -->
  <record id="group_petty_cash_user" model="res.groups">
    <field name="name">Petty Cash User</field>
    <field name="category_id" ref="module_category_petty_cash"/>
  </record>

  <record id="group_petty_cash_manager" model="res.groups">
    <field name="name">Petty Cash Manager</field>
    <field name="category_id" ref="module_category_petty_cash"/>
    <field name="implied_ids" eval="[(4, ref('group_petty_cash_user'))]"/>
  </record>
</odoo>
